model,augmentation,weight_type,loss,accuracy,precision_macro,recall_macro,f1_macro,precision_micro,recall_micro,f1_micro,top_1_accuracy,top_5_accuracy
resnet,base,sgd_finetune,0.05320815047518637,0.9869358539581299,0.9807718992233276,0.9773154854774475,0.9774413108825684,0.9869358539581299,0.9869358539581299,0.9869358539581299,0.9869358669833729,0.9990498812351544
resnet,hist_eqal,sgd_finetune,0.03676081007225908,0.9900237321853638,0.9833093881607056,0.9876198172569275,0.9851404428482056,0.9900237321853638,0.9900237321853638,0.9900237321853638,0.9900237529691212,0.9979414093428345
resnet,hist_equal_augmented_weighted_loss,sgd_finetune,0.03733903940490058,0.9900237321853638,0.9838116765022278,0.9878920912742615,0.9855937361717224,0.9900237321853638,0.9900237321853638,0.9900237321853638,0.9900237529691212,0.9980997624703087
resnet,hist_equal_augmented_balanced,sgd_finetune,0.04427589050636244,0.9883610606193542,0.9876745343208313,0.9819822907447815,0.984467089176178,0.9883610606193542,0.9883610606193542,0.9883610606193542,0.9883610451306414,0.9969121140142517
