model,augmentation,weight_type,metric,f1_macro,f1_micro,accuracy
ResNet-50,base,sgd_finetune,0.9869358539581299,0.9774413108825684,0.9869358539581299,0.9869358539581299
ResNet-50,hist_eqal,sgd_finetune,0.9900237321853638,0.9851404428482056,0.9900237321853638,0.9900237321853638
ResNet-50,hist_equal_augmented_weighted_loss,sgd_finetune,0.9900237321853638,0.9855937361717224,0.9900237321853638,0.9900237321853638
ResNet-50,hist_equal_augmented_balanced,sgd_finetune,0.9883610606193542,0.984467089176178,0.9883610606193542,0.9883610606193542
